Species,Area
Actinoschoenus_thouarsii,AB
Actinoscirpus_grossus,B
Amphiscirpus_nevadensis,B
Becquerelia_cymosa,B
Bisboeckelera_microcephala,B
Blysmopsis_rufus,B
Blysmus_compressus,B
Bolboschoenus_fluviatilis,B
Bolboschoenus_glaucus,AB
Bolboschoenus_maritimus,B
Bolboschoenus_nobilis,B
Bolboschoenus_planiculmis,B
Bolboschoenus_robustus,B
Bolboschoenus_yagara,B
Bulbostylis_atrosanguinea,B
Bulbostylis_barbata,AB
Bulbostylis_burchellii,B
Bulbostylis_capillaris,B
Bulbostylis_ciliatifolia,B
Bulbostylis_densa,B
Bulbostylis_funckii,B
Bulbostylis_hispidula,AB
Bulbostylis_juncoides,B
Bulbostylis_scabricaulis,AB
Bulbostylis_spadicea,B
Bulbostylis_stenophylla,B
Bulbostylis_warei,B
Calliscirpus_criniger,B
Calyptrocarya_glomerulata,B
Capeobolus_brevicaulis,B
Carex_abrupta,B
Carex_abscondita,B
Carex_acaulis,B
Carex_acidicola,B
Carex_acuta,B
Carex_acutiformis,B
Carex_adelostoma,B
Carex_adusta,B
Carex_aestivalis,B
Carex_aethiopica,B
Carex_aggregata,B
Carex_alata,B
Carex_alatauensis,B
Carex_alba,B
Carex_albata,B
Carex_albicans,B
Carex_albolutescens,B
Carex_albonigra,B
Carex_albursina,B
Carex_alopecoidea,B
Carex_alopecuroides,B
Carex_amphibola,B
Carex_andringitrensis,A
Carex_angolensis,B
Carex_angustata,B
Carex_annectens,B
Carex_anthoxanthea,B
Carex_aperta,B
Carex_appalachica,B
Carex_appendiculata,B
Carex_appressa,B
Carex_appropinquata,B
Carex_aquatilis,B
Carex_arcta,B
Carex_arctata,B
Carex_arctiformis,B
Carex_arenaria,B
Carex_argyrantha,B
Carex_arnellii,B
Carex_assiniboinensis,B
Carex_astricta,B
Carex_asturica,B
Carex_asynchrona,B
Carex_aterrima_subsp_medwedewii,B
Carex_atherodes,B
Carex_athrostachya,B
Carex_atlantica,B
Carex_atrata,B
Carex_atratiformis,B
Carex_atrofusca,B
Carex_aucklandica,B
Carex_augustinowiczii,B
Carex_aurea,B
Carex_austroalpina,B
Carex_austrocaroliniana,B
Carex_austrocompacta,B
Carex_baccans,B
Carex_backii,B
Carex_badilloi,B
Carex_baldensis,B
Carex_banksiana,B
Carex_basutorum,B
Carex_bathiei,A
Carex_bebbii,B
Carex_bella,B
Carex_bequaertii_subsp_bequaertii,B
Carex_bequaertii_subsp_mossii,B
Carex_bicknellii,B
Carex_bicolor,B
Carex_bigelowii,B
Carex_binervis,B
Carex_blanda,B
Carex_blepharicarpa,B
Carex_bohemica,B
Carex_bolanderi,B
Carex_boliviensis,B
Carex_bonanzensis,B
Carex_bonariensis,B
Carex_bonatiana,B
Carex_borbonica,A
Carex_borealipolaris,B
Carex_boryana,A
Carex_bostrychostigma,B
Carex_brevicaulis,B
Carex_brevicollis,B
Carex_breviculmis_var_fibrillosa,B
Carex_brevior,B
Carex_breweri,B
Carex_brizoides,B
Carex_bromoides,B
Carex_brunnea,AB
Carex_brunnescens,B
Carex_brunnescens_subsp_sphaerostachya,B
Carex_brysonii,B
Carex_buekii,B
Carex_bulbostylis,B
Carex_burchelliana,B
Carex_burkei,B
Carex_bushii,B
Carex_buxbaumii,B
Carex_calcifugens,B
Carex_calcis,B
Carex_camposii,B
Carex_canariensis,B
Carex_canescens,B
Carex_capensis,B
Carex_capillaris,B
Carex_capitata,B
Carex_capricornis,B
Carex_careyana,B
Carex_caroliniana,B
Carex_caryophyllea,B
Carex_castanea,B
Carex_castroviejoi,B
Carex_caucasica,B
Carex_caudata,B
Carex_cephaloidea,B
Carex_cephalophora,B
Carex_cercostachys,B
Carex_cespitosa,B
Carex_chlorosaccus,B
Carex_chordorrhiza,B
Carex_clavata,B
Carex_cognata,B
Carex_colchica,B
Carex_communis,B
Carex_comosa,B
Carex_conferta,B
Carex_conjuncta,B
Carex_conoidea,B
Carex_corrugata,B
Carex_corynoidea,B
Carex_crawei,B
Carex_crawfordii,B
Carex_crebriflora,B
Carex_cretica,B
Carex_crinita,B
Carex_crispa,B
Carex_cristatella,B
Carex_cruciata,B
Carex_cruenta,B
Carex_crus_corvi,B
Carex_cryptolepis,B
Carex_cumberlandensis,B
Carex_cumulata,B
Carex_curaica,B
Carex_curatorum,B
Carex_curvula,B
Carex_cusickii,B
Carex_cyanea,B
Carex_dacica,B
Carex_davalliana,B
Carex_davyi,B
Carex_deasyi,B
Carex_debilis,B
Carex_decomposita,B
Carex_deflexa,B
Carex_delicata,B
Carex_demissa,B
Carex_densa,B
Carex_depauperata,B
Carex_depressa,B
Carex_derelicta,B
Carex_deweyana,B
Carex_diandra,B
Carex_digitata,B
Carex_diluta,B
Carex_dioica,B
Carex_disperma,B
Carex_distachya,B
Carex_distans,B
Carex_disticha,B
Carex_disticha_subsp_lithophila,B
Carex_distincta,B
Carex_divisa,B
Carex_divulsa,B
Carex_doniana,B
Carex_drucei,B
Carex_durieui,B
Carex_duriuscula,B
Carex_ebenea,B
Carex_eburnea,B
Carex_echinata,B
Carex_echinochloe,B
Carex_echinochloe_subsp_nyasensis,B
Carex_echinodes,B
Carex_ecklonii,B
Carex_edura,B
Carex_edwardsiana,B
Carex_egmontiana,B
Carex_elata,B
Carex_elatior,A
Carex_eleusinoides,B
Carex_elgonensis,B
Carex_elongata,B
Carex_emoryi,B
Carex_erebus,B
Carex_ericetorum,B
Carex_erythrorrhiza,B
Carex_erythrovaginata,B
Carex_esenbeckii,B
Carex_exilis,B
Carex_extensa,B
Carex_fedia,B
Carex_ferruginea,B
Carex_festucacea,B
Carex_feta,B
Carex_filicina,B
Carex_filifolia,B
Carex_filipes,B
Carex_fimbriata,B
Carex_firma,B
Carex_fischeri,B
Carex_fissirostris,B
Carex_flacca,B
Carex_flaccosperma,B
Carex_flava,B
Carex_foenea,B
Carex_foetida,B
Carex_folliculata,B
Carex_formosa,B
Carex_forsteri,B
Carex_fracta,B
Carex_frankii,B
Carex_frigida,B
Carex_fritschii,B
Carex_fuliginosa,B
Carex_furva,B
Carex_fuscula,B
Carex_garberi,B
Carex_gholsonii,B
Carex_gibba,B
Carex_gifuensis,B
Carex_glacialis,B
Carex_glareosa,B
Carex_glaucodea,B
Carex_gmelinii,B
Carex_godfreyi,B
Carex_gongshanensis,B
Carex_gracilior,B
Carex_gracillima,B
Carex_graminifolia,A
Carex_grandiligulata,B
Carex_granularis,B
Carex_gravida,B
Carex_grayi,B
Carex_greenwayi,B
Carex_grioletii,B
Carex_grisea,B
Carex_gynandra,B
Carex_gynocrates,B
Carex_gynodynama,B
Carex_halleriana,B
Carex_hallii,B
Carex_harfordii,B
Carex_hartmanii,B
Carex_haydeniana,B
Carex_haydenii,B
Carex_healyi,B
Carex_heleonastes,B
Carex_helodes,B
Carex_heterodoxa,A
Carex_hirsutella,B
Carex_hirta,B
Carex_hirtifolia,B
Carex_hirtigluma,A
Carex_hirtissima,B
Carex_hispida,B
Carex_hitchcockiana,B
Carex_hochstetteriana,B
Carex_holostoma,B
Carex_hoodii,B
Carex_hookeriana,B
Carex_hordeistichos,B
Carex_horizontalis,B
Carex_hormathodes,B
Carex_hostiana,B
Carex_houghtoniana,B
Carex_humbertii,A
Carex_humilis_var_nana,B
Carex_hyalina,B
Carex_hystericina,B
Carex_idaea,B
Carex_illota,B
Carex_imbecilla,B
Carex_impressinervia,B
Carex_inanis,B
Carex_infirminervia,B
Carex_infuscata,B
Carex_inops,B
Carex_integra,B
Carex_interior,B
Carex_interrupta,B
Carex_intumescens,B
Carex_ischnostachya,B
Carex_jamesii,B
Carex_johnstonii,B
Carex_killickii,B
Carex_kirkii,B
Carex_kitaibeliana,B
Carex_kobomugi,B
Carex_krausei,B
Carex_kukkoneniana,B
Carex_lachenalii,B
Carex_lacustris,B
Carex_laeviconica,B
Carex_laeviculmis,B
Carex_laevigata,B
Carex_laevivaginata,B
Carex_lainzii,B
Carex_lancea,B
Carex_lapponica,B
Carex_lasiocarpa,B
Carex_latebracteata,B
Carex_laxa,B
Carex_laxiculmis,B
Carex_laxiflora,B
Carex_leavenworthii,B
Carex_ledebouriana,B
Carex_leersii,B
Carex_leiorhyncha,B
Carex_lenticularis,B
Carex_lepidocarpa,B
Carex_lepidocarpa_subsp_nevadensis,B
Carex_leporina,B
Carex_leporinella,B
Carex_leptalea,B
Carex_leptonervia,B
Carex_leptopoda,B
Carex_leptosaccus,B
Carex_limosa,B
Carex_lingii,B
Carex_liparocarpos,B
Carex_livida,B
Carex_loliacea,B
Carex_longifructus,B
Carex_longii,B
Carex_lowei,B
Carex_lucorum,B
Carex_ludwigii,B
Carex_lupuliformis,B
Carex_lupulina,B
Carex_lurida,B
Carex_lycurus,B
Carex_lyngbyei,B
Carex_maackii,B
Carex_mackenziei,B
Carex_macloviana,B
Carex_macrandrolepis,B
Carex_macrocephala,B
Carex_macrochaeta,B
Carex_macrolepis,B
Carex_macroprophylla,B
Carex_madagascariensis,A
Carex_magellanica,B
Carex_mairei,B
Carex_manhartii,B
Carex_mannii,B
Carex_mannii_subsp_friesiorum,B
Carex_mannii_subsp_thomasii,B
Carex_marina,B
Carex_mariposana,B
Carex_maritima,B
Carex_meadii,B
Carex_media,B
Carex_megalepis,B
Carex_melanantha,B
Carex_melanocarpa,B
Carex_melanocephala,B
Carex_melanostachya,B
Carex_membranacea,B
Carex_mendocinensis,B
Carex_merritt_fernaldii,B
Carex_mertensii,B
Carex_mesochorea,B
Carex_meyeriana,B
Carex_michauxiana,B
Carex_michelii,B
Carex_microcarpa,B
Carex_microchaeta,B
Carex_microdonta,B
Carex_microglochin,B
Carex_micropoda,B
Carex_microptera,B
Carex_minor,B
Carex_misera,B
Carex_missouriensis,B
Carex_mitchelliana,B
Carex_mitrata,B
Carex_molesta,B
Carex_molestiformis,B
Carex_monostachya,B
Carex_monotropa,B
Carex_montana,B
Carex_mucronata,B
Carex_muehlenbergii,B
Carex_multicostata,B
Carex_multispiculata,AB
Carex_muricata_subsp_muricata,B
Carex_muskingumensis,B
Carex_myosuroides,B
Carex_nardina,B
Carex_nebraskensis,B
Carex_neesii,B
Carex_negrii,B
Carex_nemostachys,B
Carex_nemurensis,B
Carex_neochevalieri,B
Carex_nervata,B
Carex_nervina,B
Carex_neurocarpa,B
Carex_nigra,B
Carex_nigricans,B
Carex_nigromarginata,B
Carex_nodaeana,B
Carex_normalis,B
Carex_norvegica,B
Carex_novae_angliae,B
Carex_nubigena,B
Carex_nudata,B
Carex_obnupta,B
Carex_obscura_var_brachycarpa,B
Carex_obtusata,B
Carex_obtusifolia,B
Carex_occidentalis,B
Carex_oedipostyla,B
Carex_olbiensis,B
Carex_oligocarpa,B
Carex_oligosperma,B
Carex_opaca,B
Carex_orbicularis,B
Carex_ornithopoda,B
Carex_oronensis,B
Carex_otrubae,B
Carex_ouachitana,B
Carex_ozarkana,B
Carex_pachygyna,B
Carex_pachystachya,B
Carex_pachystylis,B
Carex_paeninsulae,B
Carex_pairae,B
Carex_paleacea,B
Carex_pallescens,B
Carex_pallidula,B
Carex_panicea,B
Carex_paniculata,B
Carex_paniculata_subsp_lusitanica,B
Carex_panormitana,B
Carex_pansa,B
Carex_papulosa,B
Carex_parallela,B
Carex_parryana,B
Carex_parviflora,B
Carex_parvirufa,B
Carex_parvispica,B
Carex_parvula,B
Carex_pauciflora,B
Carex_paulo_vargasii,B
Carex_peckii,B
Carex_pediformis,B
Carex_pediformis_subsp_macroura,B
Carex_pedunculata,B
Carex_pellita,B
Carex_pendula,B
Carex_penduliformis,A
Carex_pensylvanica,B
Carex_perdensa,B
Carex_peregrina,B
Carex_perplexa,B
Carex_perraudieriana,B
Carex_petasata,B
Carex_petitiana,B
Carex_petitiana_subsp_attenuata,B
Carex_petricosa,B
Carex_peucophila,B
Carex_phacota_var_gracilispica,B
Carex_phaeocephala,B
Carex_phleoides,B
Carex_phragmitoides,B
Carex_physodes,B
Carex_pichinchensis,B
Carex_pigra,B
Carex_pilosa,B
Carex_pilulifera,B
Carex_pisiformis,B
Carex_pisiformis_var_sikokiana,B
Carex_planata,B
Carex_planispicata,B
Carex_plantaginea,B
Carex_platyphylla,B
Carex_pluriflora,B
Carex_podocarpa,B
Carex_polysticha,B
Carex_potens,B
Carex_praecox,B
Carex_praegracilis,B
Carex_prairea,B
Carex_praticola,B
Carex_preslii,B
Carex_projecta,B
Carex_proxima,A
Carex_pruinosa,B
Carex_pseudobrizoides,B
Carex_pseudocuraica,B
Carex_pseudocyperus,B
Carex_pseudofoetida_subsp_afghanica,B
Carex_pseudorufa,B
Carex_pulicaris,B
Carex_pumila,B
Carex_punctata,B
Carex_punicea,B
Carex_purpurata,B
Carex_purpurifera,B
Carex_pyramidalis,A
Carex_pyrenaica,B
Carex_quadriflora,B
Carex_radfordii,B
Carex_radiata,B
Carex_rainbowii,B
Carex_ramenskii,B
Carex_ramosa,A
Carex_rariflora,B
Carex_raynoldsii,B
Carex_remota,B
Carex_renauldii,A
Carex_reniformis,B
Carex_renschiana,A
Carex_resectans,B
Carex_retroflexa,B
Carex_retrorsa,B
Carex_reuteriana,B
Carex_rhizina_subsp_rhizina,B
Carex_rhodesiaca,B
Carex_richardsonii,B
Carex_riloensis,B
Carex_rochebrunii,B
Carex_rorulenta,B
Carex_rosea,B
Carex_rossii,B
Carex_rostrata,B
Carex_rotundata,B
Carex_runssoroensis,B
Carex_rupestris,B
Carex_rutenbergiana,A
Carex_salina,B
Carex_sartwellii,B
Carex_saxatilis,B
Carex_saximontana,B
Carex_scabrata,B
Carex_scabriuscula,B
Carex_scaposa,B
Carex_schimperiana,B
Carex_schweickerdtii,B
Carex_scirpoidea,B
Carex_scoparia_var_scoparia,B
Carex_scoparia_var_tessellata,B
Carex_scopulorum,B
Carex_sempervirens_subsp_sempervirens,B
Carex_seorsa,B
Carex_shinnersii,B
Carex_siccata,B
Carex_siderosticta,B
Carex_silicea,B
Carex_silvestris,B
Carex_simensis,B
Carex_simpliciuscula,B
Carex_simulata,B
Carex_socialis,B
Carex_songorica,B
Carex_sparganioides,B
Carex_spartea,AB
Carex_spectabilis,B
Carex_sphaerogyna,A
Carex_spicata,B
Carex_sprengelii,B
Carex_squarrosa,B
Carex_stenocarpa,B
Carex_stenophylla,B
Carex_steudneri,B
Carex_stipata,B
Carex_stramentitia,B
Carex_straminea,B
Carex_straminiformis,B
Carex_striatula,B
Carex_stricta,B
Carex_strictissima,B
Carex_strigosa,B
Carex_styloflexa,B
Carex_stylosa,B
Carex_subbracteata,B
Carex_suberecta,B
Carex_subfusca,B
Carex_subspathacea,B
Carex_subtilis,B
Carex_subviridis,B
Carex_supina,B
Carex_swanii,B
Carex_sychnocephala,B
Carex_sylvatica,B
Carex_teinogyna,B
Carex_tenera,B
Carex_tenuiflora,B
Carex_tetanica,B
Carex_tetrastachya,B
Carex_thornei,B
Carex_thurberi,B
Carex_tincta,B
Carex_tomentosa,B
Carex_tonsa,B
Carex_torreyi,B
Carex_torta,B
Carex_trachycarpa,B
Carex_traiziscana,B
Carex_triangularis,B
Carex_tribuloides_var_sangamonensis,B
Carex_tribuloides_var_tribuloides,B
Carex_tricolor,B
Carex_trinervis,B
Carex_trisperma,B
Carex_tristachya,B
Carex_tristachya_var_pocilliformis,B
Carex_tristis,B
Carex_troodi,B
Carex_tsushimensis,B
Carex_typhina,B
Carex_uhligii,B
Carex_umbellata,B
Carex_umbricola,B
Carex_umbrosa_subsp_huetiana,B
Carex_uncinata,B
Carex_ursina,B
Carex_ussuriensis,B
Carex_utriculata,B
Carex_vaginata,B
Carex_valbrayi,A
Carex_vallisrosetto,B
Carex_vernacula,B
Carex_vesicaria,B
Carex_vexans,B
Carex_viridula,B
Carex_vixdentata,B
Carex_vulpinoidea,B
Carex_wahlenbergiana,A
Carex_willdenowii,B
Carex_williamsii,B
Carex_woodii,B
Carex_xerantica,B
Carex_zotovii,B
Carex_zuluensis,B
Carpha_glomerata,B
Caustis_dioica,B
Caustis_pentandra,B
Chamaedendron_fragilis,B
Chamaedendron_kuekenthaliana,B
Chamaedendron_nervosa,B
Chamaedendron_xyridioides,B
Chorizandra_cymbaria,B
Chrysitrix_capensis,B
Chrysitrix_dodii,B
Cladium_mariscoides,B
Cladium_mariscus,AB
Coleochloa_abyssinica,B
Coleochloa_setifera,AB
Costularia_andringitrensis,A
Costularia_baronii,A
Costularia_cadetii,A
Costularia_humbertii,A
Costularia_itremoesis,A
Costularia_leucocarpa,A
Costularia_melicoides,A
Costularia_melleri,A
Costularia_natalensis,B
Costularia_pantopoda,A
Costularia_purpurea,A
Costularia_robusta,A
Costularia_xipholepis,A
Cyathocoma_hexandra,B
Cyperus_acuminatus,B
Cyperus_africanus,B
Cyperus_aggregatus,B
Cyperus_ajax,B
Cyperus_alatus,AB
Cyperus_albescens,AB
Cyperus_albostriatus,B
Cyperus_alleizettei,A
Cyperus_alopecuroides,AB
Cyperus_alternifolius,AB
Cyperus_alternifolius_textilis,B
Cyperus_amuricus,B
Cyperus_aristulatus,B
Cyperus_aromaticus,AB
Cyperus_articulatus,AB
Cyperus_ascocapensis,B
Cyperus_ascopusillus,AB
Cyperus_assimilis,AB
Cyperus_aterrimus,B
Cyperus_balfourii,A
Cyperus_betafensis,A
Cyperus_bipartitus,B
Cyperus_blepharoleptos,AB
Cyperus_bracheilema,B
Cyperus_brasiliensis,AB
Cyperus_brevifolius,AB
Cyperus_buchholzii,B
Cyperus_bulbosus,AB
Cyperus_capillifolius,AB
Cyperus_capitatus,B
Cyperus_cataractarum,B
Cyperus_cephalanthus,B
Cyperus_chamaecephalus,A
Cyperus_chlorotropis,B
Cyperus_clandestinus,B
Cyperus_compressus,AB
Cyperus_congestus,B
Cyperus_conglomeratus,AB
Cyperus_constrictus,B
Cyperus_corymbosus,AB
Cyperus_crassicuspis,B
Cyperus_croceus,B
Cyperus_cuspidatus,AB
Cyperus_cyperoides,AB
Cyperus_debilissimus,A
Cyperus_denudatus,AB
Cyperus_dichrostachyus,AB
Cyperus_difformis,AB
Cyperus_digitatus,B
Cyperus_distans,AB
Cyperus_distichus,B
Cyperus_distinctus,B
Cyperus_dives,B
Cyperus_dubius,AB
Cyperus_echinatus,B
Cyperus_elegans,B
Cyperus_elegans_rubiginosus,B
Cyperus_elegantulus,B
Cyperus_endlichii,B
Cyperus_entrerianus,B
Cyperus_eragrostis,B
Cyperus_erinaceus,B
Cyperus_eriocauloides,B
Cyperus_erythrorhizos,B
Cyperus_esculentus,AB
Cyperus_exilis,AB
Cyperus_fibrillosus,B
Cyperus_filicinus,B
Cyperus_filiculmis,B
Cyperus_filiformis,B
Cyperus_flaccidus,B
Cyperus_flavescens,AB
Cyperus_flavescens_rehmannianus,AB
Cyperus_flavidus,AB
Cyperus_foliaceus,B
Cyperus_friburgensis,B
Cyperus_fulgens,B
Cyperus_fuligineus,B
Cyperus_fuscus,B
Cyperus_gardneri,B
Cyperus_giganteus,B
Cyperus_gracillimus,B
Cyperus_grayi,B
Cyperus_grayoides,B
Cyperus_haspan,AB
Cyperus_hemidrummondii,B
Cyperus_hemioccidentalis,B
Cyperus_hortensis,AB
Cyperus_hyalinus,AB
Cyperus_hystricinus,B
Cyperus_hystricoides,AB
Cyperus_imbricatus,AB
Cyperus_impolitus,B
Cyperus_impubes_fallax,A
Cyperus_incomtus,B
Cyperus_intactus,AB
Cyperus_intricatus,B
Cyperus_iria,AB
Cyperus_isolepis,B
Cyperus_javanicus,AB
Cyperus_juncelliformis,B
Cyperus_kernii,B
Cyperus_kerstenii,B
Cyperus_kyllingiella,B
Cyperus_laevigatus,AB
Cyperus_lancastriensis,B
Cyperus_lanceolatus,AB
Cyperus_latifolius,AB
Cyperus_lecontei,B
Cyperus_leptocarpus,B
Cyperus_leptocladus,B
Cyperus_leucaspis,B
Cyperus_ligularis,AB
Cyperus_lipocomosus,B
Cyperus_lipofiliformis,B
Cyperus_lipomexicanus,AB
Cyperus_liporobinsonii,B
Cyperus_longistolon,B
Cyperus_longus,B
Cyperus_lupulinus,B
Cyperus_luzulae,B
Cyperus_macranthus,B
Cyperus_macrostachyos,AB
Cyperus_manimae,B
Cyperus_marginatus,B
Cyperus_meeboldii,B
Cyperus_megapotamicus,B
Cyperus_melanacme,B
Cyperus_melas,B
Cyperus_metzii,AB
Cyperus_meyenianus,B
Cyperus_microiria,B
Cyperus_micromelas,B
Cyperus_mindorensis,AB
Cyperus_molliglumis,A
Cyperus_mundii,AB
Cyperus_nemoralis,A
Cyperus_neobarteri,B
Cyperus_neotropicalis,B
Cyperus_niger,B
Cyperus_nigricans,AB
Cyperus_nipponicus,B
Cyperus_nuerensis,B
Cyperus_ochraceus,B
Cyperus_odoratus,AB
Cyperus_orthostachyus,B
Cyperus_ovatus,B
Cyperus_oxylepis,B
Cyperus_pacificus,B
Cyperus_papyrus,AB
Cyperus_pauper,B
Cyperus_pectinatus,AB
Cyperus_pedunculatus,AB
Cyperus_pelophilus,AB
Cyperus_persquarrosus,AB
Cyperus_phaeolepis,A
Cyperus_pilosus,B
Cyperus_planifolius,B
Cyperus_plantaginifolius,A
Cyperus_plateilema,B
Cyperus_platystylis,B
Cyperus_plukenetii,B
Cyperus_polystachyos,AB
Cyperus_prieurianus,B
Cyperus_prolifer,AB
Cyperus_prolixus,B
Cyperus_proteus,B
Cyperus_pseudokyllingioides,AB
Cyperus_pseudovegetus,B
Cyperus_pseudovestitus,AB
Cyperus_pulchellus,AB
Cyperus_pumilus,AB
Cyperus_purpureoluteus,B
Cyperus_purpureoviridis,B
Cyperus_pustulatus,B
Cyperus_reductus,AB
Cyperus_reduncus,B
Cyperus_reflexus,B
Cyperus_refractus,B
Cyperus_regiomontanus,B
Cyperus_renschii,AB
Cyperus_retrorsus,B
Cyperus_rhizomatosus,A
Cyperus_richardii,B
Cyperus_rigens,B
Cyperus_rigidifolius,B
Cyperus_rotundus,AB
Cyperus_rubicundus,AB
Cyperus_rupestris,B
Cyperus_salzmannianus,B
Cyperus_sanguinolentus,B
Cyperus_schomburgkianus,B
Cyperus_sellowianus,B
Cyperus_serotinus,B
Cyperus_seslerioides,B
Cyperus_sesquiflorus,AB
Cyperus_smithianus,B
Cyperus_sphacelatus,AB
Cyperus_squarrosus,AB
Cyperus_steudneri,B
Cyperus_stolonifer,AB
Cyperus_strigosus,B
Cyperus_submicrolepis,B
Cyperus_subparadoxus,AB
Cyperus_subsquarrosus,AB
Cyperus_surinamensis,B
Cyperus_tenuispica,AB
Cyperus_tetragonus,B
Cyperus_thyrsiflorus,B
Cyperus_ustulatus,B
Cyperus_virens,B
Cyperus_waterlotii,A
Cyperus_xantholepis,B
Didymiandrum_stellatum,B
Diplacrum_africanum,AB
Diplacrum_caricinum,B
Diplasia_karatifolia,B
Dulichium_arundinaceum,B
Eleocharis_acicularis,B
Eleocharis_acuta,B
Eleocharis_acutangula,AB
Eleocharis_atropurpurea,AB
Eleocharis_attenuata,B
Eleocharis_baldwinii,B
Eleocharis_brittonii,B
Eleocharis_caespitosissima,AB
Eleocharis_compressa,B
Eleocharis_confervoides,AB
Eleocharis_congesta,B
Eleocharis_debilis,B
Eleocharis_dietrichiana,B
Eleocharis_dulcis,AB
Eleocharis_elliptica,B
Eleocharis_engelmannii,B
Eleocharis_equisetoides,B
Eleocharis_erythropoda,B
Eleocharis_fallax,B
Eleocharis_flavescens,B
Eleocharis_geniculata,AB
Eleocharis_gracilis,B
Eleocharis_intermedia,B
Eleocharis_interstincta,B
Eleocharis_kamtschatica,B
Eleocharis_kuroguwai,B
Eleocharis_lanceolata,B
Eleocharis_limosa,AB
Eleocharis_macrostachya,B
Eleocharis_mamillata,B
Eleocharis_microcarpa,B
Eleocharis_minuta,AB
Eleocharis_montevidensis,B
Eleocharis_multicaulis,B
Eleocharis_nitida,B
Eleocharis_obtusa,B
Eleocharis_ovata,B
Eleocharis_pallens,B
Eleocharis_palustris,B
Eleocharis_parishii,B
Eleocharis_parvula,B
Eleocharis_quadrangulata,B
Eleocharis_quinqueflora,B
Eleocharis_retroflexa,B
Eleocharis_robbinsii,B
Eleocharis_rostellata,B
Eleocharis_setifolia,AB
Eleocharis_spiralis,AB
Eleocharis_tenuis,B
Eleocharis_tetraquetra,B
Eleocharis_torticulmis,B
Eleocharis_trilateralis,B
Eleocharis_tuberculosa,B
Eleocharis_uniglumis,B
Eleocharis_valleculosa,B
Eleocharis_vivipara,B
Eleocharis_wichurae,B
Eleocharis_wolfii,B
Eriophorum_angustifolium,B
Eriophorum_brachyantherum,B
Eriophorum_callitrix,B
Eriophorum_chamissonis,B
Eriophorum_vaginatum,B
Eriophorum_virginicum,B
Erioscirpus_comosus,B
Evandra_aristata,B
Ficinia_distans,B
Ficinia_gracilis,B
Ficinia_gydomontana,B
Ficinia_indica,B
Ficinia_laciniata,B
Ficinia_nodosa,B
Ficinia_paradoxa,B
Ficinia_polystachya,B
Ficinia_radiata,B
Ficinia_ramossisima,B
Ficinia_repens,B
Ficinia_spiralis,B
Ficinia_trichodes,B
Ficinia_tristachya,B
Fimbristylis_acuminata,B
Fimbristylis_aestivalis,B
Fimbristylis_autumnalis,B
Fimbristylis_bisumbellata,AB
Fimbristylis_caroliniana,B
Fimbristylis_complanata,AB
Fimbristylis_cymosa,AB
Fimbristylis_dichotoma,AB
Fimbristylis_diphylloides,B
Fimbristylis_ferruginea,AB
Fimbristylis_littoralis,AB
Fimbristylis_miliacea,AB
Fimbristylis_ovata,AB
Fimbristylis_polytrichoides,AB
Fimbristylis_puberula,B
Fimbristylis_quinquangularis,AB
Fimbristylis_schoenoides,B
Fimbristylis_sieboldii,B
Fimbristylis_spadicea,B
Fimbristylis_squarrosa,B
Fimbristylis_tetragona,B
Fimbristylis_thermalis,B
Fimbristylis_tristachya,B
Fimbristylis_variegata,B
Fimbristylis_velata,B
Fuirena_abnormalis,B
Fuirena_breviseta,B
Fuirena_ciliaris,B
Fuirena_coerulescens,AB
Fuirena_pubescens,AB
Fuirena_pumila,B
Fuirena_scirpoidea,B
Fuirena_simplex,B
Fuirena_stricta,AB
Fuirena_umbellata,AB
Fuirena_welwitschii,B
Gahnia_aspera,B
Gahnia_baniensis,B
Gahnia_deusta,B
Gahnia_melanocarpa,B
Gahnia_trifida,B
Gahnia_tristis,B
Gymnoschoenus_sphaerocephalus,B
Hellmuthia_membranacea,B
Hypolytrum_longifolium,B
Hypolytrum_nemorum,B
Isolepis_aucklandica,B
Isolepis_carinata,B
Isolepis_cernua,B
Isolepis_costata,AB
Isolepis_crassiuscula,B
Isolepis_diabolica,B
Isolepis_digitata,B
Isolepis_fluitans,AB
Isolepis_graminoides,B
Isolepis_hystrix,B
Isolepis_keniaensis,B
Isolepis_marginata,B
Isolepis_montivaga,B
Isolepis_prolifera,B
Isolepis_sepulcralis,AB
Isolepis_setacea,B
Isolepis_sulcata,B
Isolepis_varians,B
Juncus_acutus,B
Juncus_capitatus,B
Juncus_effusus,AB
Juncus_trifidus,B
Khaosokia_caricoides,B
Lagenocarpus_albo-niger,B
Lagenocarpus_guianensis,B
Lepidosperma_longitudinale,B
Lepidosperma_tortuosum,B
Lepironia_articulata,AB
Machaerina_articulata,B
Machaerina_glomerata,B
Machaerina_iridifolia,A
Machaerina_mariscoides,B
Machaerina_rubiginosa,B
Machaerina_scirpoidea,B
Machaerina_sinclairii,B
Mapania_assimilis,B
Mapania_cuspidata,B
Mapania_meditensis,B
Mapania_pycnocephala,B
Mesomelaena_pseudostygia,B
Mesomelaena_tetragona,B
Microdracoides_squamosa,B
Morelotia_affinis,B
Morelotia_gahniiformis,B
Neesenbeckia_punctoria,B
Oreobolopsis_clementis,B
Oreobolopsis_inversa,B
Oreobolopsis_tepalifera,B
Oreobolus_acutifolius,B
Oreobolus_goeppingeri,B
Oreobolus_kuekenthalii,B
Oreobolus_obtusangulus,B
Oreobolus_pectinatus,B
Oreobolus_pumilio,B
Paramapania_parvibractea,B
Phylloscirpus_acaulis,B
Phylloscirpus_deserticola,B
Pleurostachys_stricta,B
Ptilothrix_deusta,B
Rhynchospora_alba,B
Rhynchospora_albiceps,B
Rhynchospora_aristata,B
Rhynchospora_brownii,AB
Rhynchospora_caduca,B
Rhynchospora_capillacea,B
Rhynchospora_capitellata,B
Rhynchospora_cephalantha,B
Rhynchospora_chalarocephala,B
Rhynchospora_chapmanii,B
Rhynchospora_chinensis,AB
Rhynchospora_ciliaris,B
Rhynchospora_colorata,B
Rhynchospora_corniculata,B
Rhynchospora_corymbosa,AB
Rhynchospora_crinipes,B
Rhynchospora_decurrens,B
Rhynchospora_divergens,B
Rhynchospora_elliottii,B
Rhynchospora_fascicularis,B
Rhynchospora_filifolia,B
Rhynchospora_floridensis,B
Rhynchospora_fusca,B
Rhynchospora_globosa,B
Rhynchospora_globularis,B
Rhynchospora_glomerata,B
Rhynchospora_gracilenta,B
Rhynchospora_gracillima,AB
Rhynchospora_grayi,B
Rhynchospora_holoschoenoides,AB
Rhynchospora_inexpansa,B
Rhynchospora_inundata,B
Rhynchospora_latifolia,B
Rhynchospora_macra,B
Rhynchospora_marisculus,B
Rhynchospora_megalocarpa,B
Rhynchospora_megaplumosa,B
Rhynchospora_microcarpa,B
Rhynchospora_miliacea,B
Rhynchospora_mixta,B
Rhynchospora_nervosa,B
Rhynchospora_nitens,B
Rhynchospora_plumosa,B
Rhynchospora_polyphylla,B
Rhynchospora_pusilla,B
Rhynchospora_rariflora,B
Rhynchospora_robusta,B
Rhynchospora_rubra,AB
Rhynchospora_rugosa,AB
Rhynchospora_scirpoides,B
Rhynchospora_tracyi,B
Schoenoplectiella_articulata,AB
Schoenoplectiella_erecta,AB
Schoenoplectiella_hallii,B
Schoenoplectiella_hotarui,B
Schoenoplectiella_juncea,B
Schoenoplectiella_juncoides,AB
Schoenoplectiella_lineolata,B
Schoenoplectiella_mucronata,AB
Schoenoplectiella_purshiana,B
Schoenoplectiella_saximontana,B
Schoenoplectiella_senegalensis,B
Schoenoplectiella_smithii,B
Schoenoplectiella_supina,B
Schoenoplectiella_wallichii,B
Schoenoplectus_acutus,B
Schoenoplectus_americanus,B
Schoenoplectus_californicus,B
Schoenoplectus_corymbosus,AB
Schoenoplectus_deltarum,B
Schoenoplectus_etuberculatus,B
Schoenoplectus_heterochaetus,B
Schoenoplectus_lacustris,B
Schoenoplectus_litoralis,AB
Schoenoplectus_pungens,B
Schoenoplectus_subterminalis,B
Schoenoplectus_tabernaemontani,B
Schoenoplectus_torreyi,B
Schoenoplectus_triqueter,B
Schoenus_apogon,B
Schoenus_bolusii,B
Schoenus_brevifolius,B
Schoenus_compactus,B
Schoenus_compar,B
Schoenus_crassus,B
Schoenus_curvifolius,B
Schoenus_cuspidatus,B
Schoenus_efoliatus,B
Schoenus_exilis,B
Schoenus_laticulmis,B
Schoenus_neovillosus,B
Schoenus_nigricans,B
Schoenus_pennisetis,B
Schoenus_pictus,B
Schoenus_quadrangularis,B
Schoenus_variabilis,B
Scirpodendron_bogneri,B
Scirpodendron_ghaeri,B
Scirpoides_burkei,B
Scirpoides_holoschoenus,B
Scirpus_atrovirens,B
Scirpus_cyperinus,B
Scirpus_divaricatus,B
Scirpus_lineatus,B
Scirpus_pendulus,B
Scleria_abortiva,A
Scleria_angusta,AB
Scleria_angustifolia,B
Scleria_ankaratrensis,A
Scleria_arguta,A
Scleria_balansae,B
Scleria_baldwinii,B
Scleria_bambariensis,B
Scleria_baroniclarkei,B
Scleria_baronii,A
Scleria_bequaertii,B
Scleria_biflora,B
Scleria_boivinii,AB
Scleria_bourgeaui,B
Scleria_bracteata,B
Scleria_brownii,B
Scleria_bulbifera,AB
Scleria_burchellii,B
Scleria_calcicola,B
Scleria_carphiformisb,B
Scleria_castanea,B
Scleria_catophylla,B
Scleria_ciliaris,B
Scleria_ciliata,B
Scleria_comosa,B
Scleria_comosab,B
Scleria_composita,B
Scleria_corymbosa,B
Scleria_cuyabensis,B
Scleria_cyperina,B
Scleria_delicatula,B
Scleria_depauperata,B
Scleria_depressa,B
Scleria_distans,B
Scleria_distans_var_chondrocarpa,AB
Scleria_dregeana,B
Scleria_eggersiana,B
Scleria_erythrorrhiza,B
Scleria_flagellumnigrorum,B
Scleria_flexuosa,B
Scleria_foliosa,AB
Scleria_fulvipilosa,B
Scleria_gaertneri,AB
Scleria_georgiana,B
Scleria_glabra,B
Scleria_globonux,B
Scleria_goossensii,B
Scleria_greigiifolia,AB
Scleria_hildebrandtii,AB
Scleria_hilsenbergii,A
Scleria_hirtella,B
Scleria_hispidior,B
Scleria_hispidula,B
Scleria_interrupta,B
Scleria_iostephana,B
Scleria_kerrii,B
Scleria_lacustris,AB
Scleria_lagoensis,AB
Scleria_latifolia,B
Scleria_laxa,B
Scleria_laxiflora,B
Scleria_leptostachya,B
Scleria_liberica,B
Scleria_lithosperma,AB
Scleria_longispiculata,B
Scleria_mackaviensis,B
Scleria_macrogyne,B
Scleria_macrophylla,B
Scleria_madagascariensis,A
Scleria_maypurensis,B
Scleria_melanomphala,AB
Scleria_melanotricha,B
Scleria_microcarpa,B
Scleria_mitis,B
Scleria_mongomoensis,B
Scleria_muehlenbergii,B
Scleria_naumanniana,B
Scleria_neesii,B
Scleria_nyasensis,B
Scleria_oblata,B
Scleria_obtusa,B
Scleria_oligantha,B
Scleria_panicoides,B
Scleria_pantadenia,B
Scleria_parvula,B
Scleria_paupercula,B
Scleria_pedicellata,B
Scleria_pergracilis,B
Scleria_pergracilis_var_brachystachys,B
Scleria_perpusilla,A
Scleria_plusiophylla,B
Scleria_poiformis,AB
Scleria_polycarpa,B
Scleria_polyrrhiza,B
Scleria_pooides,AB
Scleria_pseudohispidior,B
Scleria_pulchella,B
Scleria_purdiei,B
Scleria_purpurascens,B
Scleria_pusilla,B
Scleria_racemosa,AB
Scleria_rehmannii,B
Scleria_reticularis,B
Scleria_richardsiae,B
Scleria_robinsoniana,B
Scleria_rosea,A
Scleria_rugosa,B
Scleria_rutenbergiana,A
Scleria_scabra,B
Scleria_schiedeana,B
Scleria_schimperiana,B
Scleria_schliebenii,B
Scleria_scrobiculata,B
Scleria_secans,B
Scleria_skutchii,B
Scleria_sobolifer,B
Scleria_sororia,B
Scleria_sphacelata,B
Scleria_spicata,B
Scleria_spiciformis,B
Scleria_splitgerberiana,B
Scleria_sprucei,B
Scleria_staheliana,B
Scleria_suaveolens,B
Scleria_sumatrensis,AB
Scleria_tenella,B
Scleria_tepuiensis,B
Scleria_terrestris,B
Scleria_tessellata,AB
Scleria_testacea,B
Scleria_tonkinensis,B
Scleria_transvaalensis,B
Scleria_tricholepis,B
Scleria_tricristata,B
Scleria_triglomerata,B
Scleria_unguiculata,B
Scleria_verrucosa,B
Scleria_verticillata,B
Scleria_veseyfitzgeraldii,B
Scleria_virgata,B
Scleria_vogelii,B
Scleria_welwitschii,B
Scleria_williamsii,B
Scleria_woodii,B
Scleria_zambesica,B
Tetraria_capillaris,B
Tetraria_crinifolia,B
Tetraria_flexuosa,B
Tetraria_involucrata,B
Tetraria_microstachys,B
Tetraria_nigrovaginata,B
Tetraria_ustulata,B
Trachystylis_stradbrokensis,B
Trianoptiles_capensis,B
Trichophorum_alpinum,B
Trichophorum_cespitosum,B
Trichophorum_clintonii,B
Trichophorum_dioicum,B
Trichophorum_pumilum,B
Trichophorum_rigidum,B
Trichophorum_subcapitatum,B
Trichophorum_uniflorum,B
Tricostularia_pauciflora,B
Trilepis_lhotzkiana,B
Xyroschoenus_hornei,A
Zameioscirpus_atacamensis,B
Zameioscirpus_muticus,B

